Core, 0
Cumulative Cycles, 44817807            
Cumulative Instructions, 20000000            
Cumulative IPC, 0.44625
Periodic Cycles, 22952476            
Periodic Instructions, 10000000            
Periodic IPC, 0.43568

DCACHE_PREF_HIT_count,             0
DCACHE_PREF_HIT_total_count,             0

IFETCH_WB_FIRST_SCHEDULE_count,             0
IFETCH_WB_FIRST_SCHEDULE_pct,         -nan
IFETCH_WB_FIRST_SCHEDULE_total_count,             0
IFETCH_WB_FIRST_SCHEDULE_total_pct,         -nan

PREFETCH_LAST_SCHEDULE_count,             0
PREFETCH_LAST_SCHEDULE_pct,         -nan
PREFETCH_LAST_SCHEDULE_total_count,             0
PREFETCH_LAST_SCHEDULE_total_pct,         -nan

DEMAND_PASS_PREF_SCHEDULE_count,             0
DEMAND_PASS_PREF_SCHEDULE_pct,         -nan
DEMAND_PASS_PREF_SCHEDULE_total_count,             0
DEMAND_PASS_PREF_SCHEDULE_total_pct,         -nan

DEMAND_PASS_LOW_OP_SCHEDULE_count,             0
DEMAND_PASS_LOW_OP_SCHEDULE_pct,         -nan
DEMAND_PASS_LOW_OP_SCHEDULE_total_count,             0
DEMAND_PASS_LOW_OP_SCHEDULE_total_pct,         -nan

DEMAND_LAST_SCHEDULE_count,             0
DEMAND_LAST_SCHEDULE_pct,         -nan
DEMAND_LAST_SCHEDULE_total_count,             0
DEMAND_LAST_SCHEDULE_total_pct,         -nan
DEMAND_LAST_SCHEDULE_sum_count,             0
DEMAND_LAST_SCHEDULE_sum_pct,         -nan
DEMAND_LAST_SCHEDULE_sum_total_count,             0
DEMAND_LAST_SCHEDULE_sum_total_pct,         -nan
DEMAND_LAST_SCHEDULE_mean,         -nan
DEMAND_LAST_SCHEDULE_stddev,         -nan
DEMAND_LAST_SCHEDULE_total_mean,         -nan
DEMAND_LAST_SCHEDULE_total_stddev,         -nan

SEND_MISS_REQ_QUEUE_count,         26653
SEND_MISS_REQ_QUEUE_total_count,         83165

L1_DATA_EVICT_count,         26567
L1_DATA_EVICT_total_count,         51238

STREAM_BUFFER_REQ_count,             0
STREAM_BUFFER_REQ_total_count,             0

PREF_SEND_TO_MEM_REQ_count,             0
PREF_SEND_TO_MEM_REQ_pct,         -nan
PREF_SEND_TO_MEM_REQ_total_count,             0
PREF_SEND_TO_MEM_REQ_total_pct,         -nan

PREF_SEND_TO_MEM_REQ_FAIL_count,             0
PREF_SEND_TO_MEM_REQ_FAIL_pct,         -nan
PREF_SEND_TO_MEM_REQ_FAIL_total_count,             0
PREF_SEND_TO_MEM_REQ_FAIL_total_pct,         -nan
PREF_SEND_TO_MEM_REQ_FAIL_sum_count,             0
PREF_SEND_TO_MEM_REQ_FAIL_sum_pct,         -nan
PREF_SEND_TO_MEM_REQ_FAIL_sum_total_count,             0
PREF_SEND_TO_MEM_REQ_FAIL_sum_total_pct,         -nan
PREF_SEND_TO_MEM_REQ_FAIL_mean,         -nan
PREF_SEND_TO_MEM_REQ_FAIL_stddev,         -nan
PREF_SEND_TO_MEM_REQ_FAIL_total_mean,         -nan
PREF_SEND_TO_MEM_REQ_FAIL_total_stddev,         -nan

HIT_TRAIN_STREAM_count,         66016
HIT_TRAIN_STREAM_pct,       97.745
HIT_TRAIN_STREAM_total_count,        132221
HIT_TRAIN_STREAM_total_pct,       96.844

MISS_TRAIN_STREAM_count,          1523
MISS_TRAIN_STREAM_pct,        2.255
MISS_TRAIN_STREAM_total_count,          4309
MISS_TRAIN_STREAM_total_pct,        3.156
MISS_TRAIN_STREAM_sum_count,         67539
MISS_TRAIN_STREAM_sum_pct,      100.000
MISS_TRAIN_STREAM_sum_total_count,        136530
MISS_TRAIN_STREAM_sum_total_pct,      100.000
MISS_TRAIN_STREAM_mean,         0.02
MISS_TRAIN_STREAM_stddev,         0.15
MISS_TRAIN_STREAM_total_mean,         0.03
MISS_TRAIN_STREAM_total_stddev,         0.17

STREAM_TRAIN_CREATE_count,           766
STREAM_TRAIN_CREATE_total_count,          2201

MEM_REQ_MISS_HWP_PREF_Q_count,             0
MEM_REQ_MISS_HWP_PREF_Q_pct,         -nan
MEM_REQ_MISS_HWP_PREF_Q_total_count,             0
MEM_REQ_MISS_HWP_PREF_Q_total_pct,         -nan

MEM_REQ_MISS_SW_PREF_Q_count,             0
MEM_REQ_MISS_SW_PREF_Q_pct,         -nan
MEM_REQ_MISS_SW_PREF_Q_total_count,             0
MEM_REQ_MISS_SW_PREF_Q_total_pct,         -nan

MEM_REQ_MISS_IFETCH_Q_count,             0
MEM_REQ_MISS_IFETCH_Q_pct,         -nan
MEM_REQ_MISS_IFETCH_Q_total_count,             0
MEM_REQ_MISS_IFETCH_Q_total_pct,         -nan

MEM_REQ_MISS_DFETCH_Q_count,             0
MEM_REQ_MISS_DFETCH_Q_pct,         -nan
MEM_REQ_MISS_DFETCH_Q_total_count,             0
MEM_REQ_MISS_DFETCH_Q_total_pct,         -nan

MEM_REQ_MISS_DSTORE_Q_count,             0
MEM_REQ_MISS_DSTORE_Q_pct,         -nan
MEM_REQ_MISS_DSTORE_Q_total_count,             0
MEM_REQ_MISS_DSTORE_Q_total_pct,         -nan

MEM_REQ_MISS_DPRF_Q_count,             0
MEM_REQ_MISS_DPRF_Q_pct,         -nan
MEM_REQ_MISS_DPRF_Q_total_count,             0
MEM_REQ_MISS_DPRF_Q_total_pct,         -nan

MEM_REQ_MISS_WB_Q_count,             0
MEM_REQ_MISS_WB_Q_pct,         -nan
MEM_REQ_MISS_WB_Q_total_count,             0
MEM_REQ_MISS_WB_Q_total_pct,         -nan
MEM_REQ_MISS_WB_Q_sum_count,             0
MEM_REQ_MISS_WB_Q_sum_pct,         -nan
MEM_REQ_MISS_WB_Q_sum_total_count,             0
MEM_REQ_MISS_WB_Q_sum_total_pct,         -nan
MEM_REQ_MISS_WB_Q_mean,         -nan
MEM_REQ_MISS_WB_Q_stddev,         -nan
MEM_REQ_MISS_WB_Q_total_mean,         -nan
MEM_REQ_MISS_WB_Q_total_stddev,         -nan

PREF_HIT_BY_DEMAND_IFETCH_count,             0
PREF_HIT_BY_DEMAND_IFETCH_pct,         -nan
PREF_HIT_BY_DEMAND_IFETCH_total_count,             0
PREF_HIT_BY_DEMAND_IFETCH_total_pct,         -nan

PREF_HIT_BY_DEMAND_DFETCH_count,             0
PREF_HIT_BY_DEMAND_DFETCH_pct,         -nan
PREF_HIT_BY_DEMAND_DFETCH_total_count,             0
PREF_HIT_BY_DEMAND_DFETCH_total_pct,         -nan

PREF_HIT_BY_DEMAND_DSTORE_count,             0
PREF_HIT_BY_DEMAND_DSTORE_pct,         -nan
PREF_HIT_BY_DEMAND_DSTORE_total_count,             0
PREF_HIT_BY_DEMAND_DSTORE_total_pct,         -nan

PREF_HIT_BY_DEMAND_IPREF_count,             0
PREF_HIT_BY_DEMAND_IPREF_pct,         -nan
PREF_HIT_BY_DEMAND_IPREF_total_count,             0
PREF_HIT_BY_DEMAND_IPREF_total_pct,         -nan

PREF_HIT_BY_DEMAND_DPRF_count,             0
PREF_HIT_BY_DEMAND_DPRF_pct,         -nan
PREF_HIT_BY_DEMAND_DPRF_total_count,             0
PREF_HIT_BY_DEMAND_DPRF_total_pct,         -nan

PREF_HIT_BY_DEMAND_WB_count,             0
PREF_HIT_BY_DEMAND_WB_pct,         -nan
PREF_HIT_BY_DEMAND_WB_total_count,             0
PREF_HIT_BY_DEMAND_WB_total_pct,         -nan

PREF_HIT_BY_PREF_count,             0
PREF_HIT_BY_PREF_pct,         -nan
PREF_HIT_BY_PREF_total_count,             0
PREF_HIT_BY_PREF_total_pct,         -nan
PREF_HIT_BY_PREF_sum_count,             0
PREF_HIT_BY_PREF_sum_pct,         -nan
PREF_HIT_BY_PREF_sum_total_count,             0
PREF_HIT_BY_PREF_sum_total_pct,         -nan
PREF_HIT_BY_PREF_mean,         -nan
PREF_HIT_BY_PREF_stddev,         -nan
PREF_HIT_BY_PREF_total_mean,         -nan
PREF_HIT_BY_PREF_total_stddev,         -nan

PREF_HIT_DEMAND_IFETCH_count,             0
PREF_HIT_DEMAND_IFETCH_pct,         -nan
PREF_HIT_DEMAND_IFETCH_total_count,             0
PREF_HIT_DEMAND_IFETCH_total_pct,         -nan

PREF_HIT_DEMAND_DFETCH_count,             0
PREF_HIT_DEMAND_DFETCH_pct,         -nan
PREF_HIT_DEMAND_DFETCH_total_count,             0
PREF_HIT_DEMAND_DFETCH_total_pct,         -nan

PREF_HIT_DEMAND_DSTORE_count,             0
PREF_HIT_DEMAND_DSTORE_pct,         -nan
PREF_HIT_DEMAND_DSTORE_total_count,             0
PREF_HIT_DEMAND_DSTORE_total_pct,         -nan

PREF_HIT_DEMAND_IPREF_count,             0
PREF_HIT_DEMAND_IPREF_pct,         -nan
PREF_HIT_DEMAND_IPREF_total_count,             0
PREF_HIT_DEMAND_IPREF_total_pct,         -nan

PREF_HIT_DEMAND_DPRF_count,             0
PREF_HIT_DEMAND_DPRF_pct,         -nan
PREF_HIT_DEMAND_DPRF_total_count,             0
PREF_HIT_DEMAND_DPRF_total_pct,         -nan

PREF_HIT_DEMAND_WB_count,             0
PREF_HIT_DEMAND_WB_pct,         -nan
PREF_HIT_DEMAND_WB_total_count,             0
PREF_HIT_DEMAND_WB_total_pct,         -nan
PREF_HIT_DEMAND_WB_sum_count,             0
PREF_HIT_DEMAND_WB_sum_pct,         -nan
PREF_HIT_DEMAND_WB_sum_total_count,             0
PREF_HIT_DEMAND_WB_sum_total_pct,         -nan
PREF_HIT_DEMAND_WB_mean,         -nan
PREF_HIT_DEMAND_WB_stddev,         -nan
PREF_HIT_DEMAND_WB_total_mean,         -nan
PREF_HIT_DEMAND_WB_total_stddev,         -nan

PREF_L1_FILL_count,             0
PREF_L1_FILL_pct,         -nan
PREF_L1_FILL_total_count,             0
PREF_L1_FILL_total_pct,         -nan

DEMAND_L1_FILL_count,             0
DEMAND_L1_FILL_pct,         -nan
DEMAND_L1_FILL_total_count,             0
DEMAND_L1_FILL_total_pct,         -nan
DEMAND_L1_FILL_sum_count,             0
DEMAND_L1_FILL_sum_pct,         -nan
DEMAND_L1_FILL_sum_total_count,             0
DEMAND_L1_FILL_sum_total_pct,         -nan
DEMAND_L1_FILL_mean,         -nan
DEMAND_L1_FILL_stddev,         -nan
DEMAND_L1_FILL_total_mean,         -nan
DEMAND_L1_FILL_total_stddev,         -nan

TOUCH_L1_REPLACE_count,             0
TOUCH_L1_REPLACE_pct,        0.000
TOUCH_L1_REPLACE_total_count,             0
TOUCH_L1_REPLACE_total_pct,        0.000

NO_TOUCH_L1_REPLACE_count,         26567
NO_TOUCH_L1_REPLACE_pct,      100.000
NO_TOUCH_L1_REPLACE_total_count,         51238
NO_TOUCH_L1_REPLACE_total_pct,      100.000
NO_TOUCH_L1_REPLACE_sum_count,         26567
NO_TOUCH_L1_REPLACE_sum_pct,      100.000
NO_TOUCH_L1_REPLACE_sum_total_count,         51238
NO_TOUCH_L1_REPLACE_sum_total_pct,      100.000
NO_TOUCH_L1_REPLACE_mean,         1.00
NO_TOUCH_L1_REPLACE_stddev,         1.00
NO_TOUCH_L1_REPLACE_total_mean,         1.00
NO_TOUCH_L1_REPLACE_total_stddev,         1.00

PREF_REQ_QUE_FULL_count,             0
PREF_REQ_QUE_FULL_total_count,             0

STREAM_REQ_QUEUE_HIT_BY_DEMAND_count,             0
STREAM_REQ_QUEUE_HIT_BY_DEMAND_total_count,             0

L2HIT_STREAM_PREF_REQ_QUE_FULL_count,             0
L2HIT_STREAM_PREF_REQ_QUE_FULL_total_count,             0

L2HIT_HIT_TRAIN_STREAM_count,             0
L2HIT_HIT_TRAIN_STREAM_pct,         -nan
L2HIT_HIT_TRAIN_STREAM_total_count,             0
L2HIT_HIT_TRAIN_STREAM_total_pct,         -nan

L2HIT_MISS_TRAIN_STREAM_count,             0
L2HIT_MISS_TRAIN_STREAM_pct,         -nan
L2HIT_MISS_TRAIN_STREAM_total_count,             0
L2HIT_MISS_TRAIN_STREAM_total_pct,         -nan
L2HIT_MISS_TRAIN_STREAM_sum_count,             0
L2HIT_MISS_TRAIN_STREAM_sum_pct,         -nan
L2HIT_MISS_TRAIN_STREAM_sum_total_count,             0
L2HIT_MISS_TRAIN_STREAM_sum_total_pct,         -nan
L2HIT_MISS_TRAIN_STREAM_mean,         -nan
L2HIT_MISS_TRAIN_STREAM_stddev,         -nan
L2HIT_MISS_TRAIN_STREAM_total_mean,         -nan
L2HIT_MISS_TRAIN_STREAM_total_stddev,         -nan

L2HIT_STREAM_TRAIN_CREATE_count,             0
L2HIT_STREAM_TRAIN_CREATE_total_count,             0

L2HIT_STREAM_BUFFER_REQ_count,             0
L2HIT_STREAM_BUFFER_REQ_total_count,             0

L2HIT_STREAM_PREF_DCACHE_HIT_count,             0
L2HIT_STREAM_PREF_DCACHE_HIT_pct,         -nan
L2HIT_STREAM_PREF_DCACHE_HIT_total_count,             0
L2HIT_STREAM_PREF_DCACHE_HIT_total_pct,         -nan

L2HIT_STREAM_PREF_DCACHE_INSERT_count,             0
L2HIT_STREAM_PREF_DCACHE_INSERT_pct,         -nan
L2HIT_STREAM_PREF_DCACHE_INSERT_total_count,             0
L2HIT_STREAM_PREF_DCACHE_INSERT_total_pct,         -nan

L2HIT_STREAM_L2_MISS_count,             0
L2HIT_STREAM_L2_MISS_pct,         -nan
L2HIT_STREAM_L2_MISS_total_count,             0
L2HIT_STREAM_L2_MISS_total_pct,         -nan
L2HIT_STREAM_L2_MISS_sum_count,             0
L2HIT_STREAM_L2_MISS_sum_pct,         -nan
L2HIT_STREAM_L2_MISS_sum_total_count,             0
L2HIT_STREAM_L2_MISS_sum_total_pct,         -nan
L2HIT_STREAM_L2_MISS_mean,         -nan
L2HIT_STREAM_L2_MISS_stddev,         -nan
L2HIT_STREAM_L2_MISS_total_mean,         -nan
L2HIT_STREAM_L2_MISS_total_stddev,         -nan

L2HIT_STREAM_DCACHE_PORT_FULL_count,             0
L2HIT_STREAM_DCACHE_PORT_FULL_total_count,             0

L2HIT_STREAM_PREF_L1_PORT_FULL_count,             0
L2HIT_STREAM_PREF_L1_PORT_FULL_total_count,             0

L2HIT_TRAIN_HIT_DEMAND_count,             0
L2HIT_TRAIN_HIT_DEMAND_pct,         -nan
L2HIT_TRAIN_HIT_DEMAND_total_count,             0
L2HIT_TRAIN_HIT_DEMAND_total_pct,         -nan

L2HIT_TRAIN_MISS_REQ_count,             0
L2HIT_TRAIN_MISS_REQ_pct,         -nan
L2HIT_TRAIN_MISS_REQ_total_count,             0
L2HIT_TRAIN_MISS_REQ_total_pct,         -nan
L2HIT_TRAIN_MISS_REQ_sum_count,             0
L2HIT_TRAIN_MISS_REQ_sum_pct,         -nan
L2HIT_TRAIN_MISS_REQ_sum_total_count,             0
L2HIT_TRAIN_MISS_REQ_sum_total_pct,         -nan
L2HIT_TRAIN_MISS_REQ_mean,         -nan
L2HIT_TRAIN_MISS_REQ_stddev,         -nan
L2HIT_TRAIN_MISS_REQ_total_mean,         -nan
L2HIT_TRAIN_MISS_REQ_total_stddev,         -nan

L2HIT_TRAIN_FILTER_MISS_count,             0
L2HIT_TRAIN_FILTER_MISS_pct,         -nan
L2HIT_TRAIN_FILTER_MISS_total_count,             0
L2HIT_TRAIN_FILTER_MISS_total_pct,         -nan

L2HIT_TRAIN_FILTER_HIT_count,             0
L2HIT_TRAIN_FILTER_HIT_pct,         -nan
L2HIT_TRAIN_FILTER_HIT_total_count,             0
L2HIT_TRAIN_FILTER_HIT_total_pct,         -nan
L2HIT_TRAIN_FILTER_HIT_sum_count,             0
L2HIT_TRAIN_FILTER_HIT_sum_pct,         -nan
L2HIT_TRAIN_FILTER_HIT_sum_total_count,             0
L2HIT_TRAIN_FILTER_HIT_sum_total_pct,         -nan
L2HIT_TRAIN_FILTER_HIT_mean,         -nan
L2HIT_TRAIN_FILTER_HIT_stddev,         -nan
L2HIT_TRAIN_FILTER_HIT_total_mean,         -nan
L2HIT_TRAIN_FILTER_HIT_total_stddev,         -nan

L2HIT_PREF_REQ_DCACHE_HIT_count,             0
L2HIT_PREF_REQ_DCACHE_HIT_pct,         -nan
L2HIT_PREF_REQ_DCACHE_HIT_total_count,             0
L2HIT_PREF_REQ_DCACHE_HIT_total_pct,         -nan

L2HIT_PREF_REQ_DCACHE_MISS_count,             0
L2HIT_PREF_REQ_DCACHE_MISS_pct,         -nan
L2HIT_PREF_REQ_DCACHE_MISS_total_count,             0
L2HIT_PREF_REQ_DCACHE_MISS_total_pct,         -nan
L2HIT_PREF_REQ_DCACHE_MISS_sum_count,             0
L2HIT_PREF_REQ_DCACHE_MISS_sum_pct,         -nan
L2HIT_PREF_REQ_DCACHE_MISS_sum_total_count,             0
L2HIT_PREF_REQ_DCACHE_MISS_sum_total_pct,         -nan
L2HIT_PREF_REQ_DCACHE_MISS_mean,         -nan
L2HIT_PREF_REQ_DCACHE_MISS_stddev,         -nan
L2HIT_PREF_REQ_DCACHE_MISS_total_mean,         -nan
L2HIT_PREF_REQ_DCACHE_MISS_total_stddev,         -nan

L2HIT_L2SEND_Q_FULL_count,             0
L2HIT_L2SEND_Q_FULL_pct,         -nan
L2HIT_L2SEND_Q_FULL_total_count,             0
L2HIT_L2SEND_Q_FULL_total_pct,         -nan

L2HIT_L2SEND_Q_ENTER_count,             0
L2HIT_L2SEND_Q_ENTER_pct,         -nan
L2HIT_L2SEND_Q_ENTER_total_count,             0
L2HIT_L2SEND_Q_ENTER_total_pct,         -nan
L2HIT_L2SEND_Q_ENTER_sum_count,             0
L2HIT_L2SEND_Q_ENTER_sum_pct,         -nan
L2HIT_L2SEND_Q_ENTER_sum_total_count,             0
L2HIT_L2SEND_Q_ENTER_sum_total_pct,         -nan
L2HIT_L2SEND_Q_ENTER_mean,         -nan
L2HIT_L2SEND_Q_ENTER_stddev,         -nan
L2HIT_L2SEND_Q_ENTER_total_mean,         -nan
L2HIT_L2SEND_Q_ENTER_total_stddev,         -nan

L2HIT_MEM_REQ_count,             0
L2HIT_MEM_REQ_total_count,             0

REMOVE_REDUNDANT_STREAM_STAT_count,             0
REMOVE_REDUNDANT_STREAM_STAT_total_count,             0

REPLACE_OLD_STREAM_count,           766
REPLACE_OLD_STREAM_total_count,          2185

REQ_SEND_QUEUE_STALL_count,             0
REQ_SEND_QUEUE_STALL_total_count,             0

STREAM_ENTER_RA_count,             0
STREAM_ENTER_RA_total_count,             0

CORE_STREAM_LENGTH_0_count,            31
CORE_STREAM_LENGTH_0_pct,       21.528
CORE_STREAM_LENGTH_0_total_count,            93
CORE_STREAM_LENGTH_0_total_pct,       24.409

CORE_STREAM_LENGTH_10_count,            40
CORE_STREAM_LENGTH_10_pct,       27.778
CORE_STREAM_LENGTH_10_total_count,           138
CORE_STREAM_LENGTH_10_total_pct,       36.220

CORE_STREAM_LENGTH_20_count,            20
CORE_STREAM_LENGTH_20_pct,       13.889
CORE_STREAM_LENGTH_20_total_count,            42
CORE_STREAM_LENGTH_20_total_pct,       11.024

CORE_STREAM_LENGTH_30_count,             5
CORE_STREAM_LENGTH_30_pct,        3.472
CORE_STREAM_LENGTH_30_total_count,            12
CORE_STREAM_LENGTH_30_total_pct,        3.150

CORE_STREAM_LENGTH_40_count,             6
CORE_STREAM_LENGTH_40_pct,        4.167
CORE_STREAM_LENGTH_40_total_count,            15
CORE_STREAM_LENGTH_40_total_pct,        3.937

CORE_STREAM_LENGTH_50_count,             3
CORE_STREAM_LENGTH_50_pct,        2.083
CORE_STREAM_LENGTH_50_total_count,             7
CORE_STREAM_LENGTH_50_total_pct,        1.837

CORE_STREAM_LENGTH_60_count,             2
CORE_STREAM_LENGTH_60_pct,        1.389
CORE_STREAM_LENGTH_60_total_count,             5
CORE_STREAM_LENGTH_60_total_pct,        1.312

CORE_STREAM_LENGTH_70_count,             0
CORE_STREAM_LENGTH_70_pct,        0.000
CORE_STREAM_LENGTH_70_total_count,             0
CORE_STREAM_LENGTH_70_total_pct,        0.000

CORE_STREAM_LENGTH_80_count,             0
CORE_STREAM_LENGTH_80_pct,        0.000
CORE_STREAM_LENGTH_80_total_count,             0
CORE_STREAM_LENGTH_80_total_pct,        0.000

CORE_STREAM_LENGTH_90_count,             0
CORE_STREAM_LENGTH_90_pct,        0.000
CORE_STREAM_LENGTH_90_total_count,             0
CORE_STREAM_LENGTH_90_total_pct,        0.000

CORE_STREAM_LENGTH_100_P_count,            37
CORE_STREAM_LENGTH_100_P_pct,       25.694
CORE_STREAM_LENGTH_100_P_total_count,            69
CORE_STREAM_LENGTH_100_P_total_pct,       18.110
CORE_STREAM_LENGTH_100_P_sum_count,           144
CORE_STREAM_LENGTH_100_P_sum_pct,      100.000
CORE_STREAM_LENGTH_100_P_sum_total_count,           381
CORE_STREAM_LENGTH_100_P_sum_total_pct,      100.000
CORE_STREAM_LENGTH_100_P_mean,         3.58
CORE_STREAM_LENGTH_100_P_stddev,         4.04
CORE_STREAM_LENGTH_100_P_total_mean,         2.82
CORE_STREAM_LENGTH_100_P_total_stddev,         3.52

CORE_CUM_STREAM_LENGTH_0_count,           225
CORE_CUM_STREAM_LENGTH_0_pct,        0.272
CORE_CUM_STREAM_LENGTH_0_total_count,           682
CORE_CUM_STREAM_LENGTH_0_total_pct,        0.492

CORE_CUM_STREAM_LENGTH_10_count,           533
CORE_CUM_STREAM_LENGTH_10_pct,        0.645
CORE_CUM_STREAM_LENGTH_10_total_count,          1817
CORE_CUM_STREAM_LENGTH_10_total_pct,        1.311

CORE_CUM_STREAM_LENGTH_20_count,           490
CORE_CUM_STREAM_LENGTH_20_pct,        0.593
CORE_CUM_STREAM_LENGTH_20_total_count,          1004
CORE_CUM_STREAM_LENGTH_20_total_pct,        0.725

CORE_CUM_STREAM_LENGTH_30_count,           178
CORE_CUM_STREAM_LENGTH_30_pct,        0.216
CORE_CUM_STREAM_LENGTH_30_total_count,           424
CORE_CUM_STREAM_LENGTH_30_total_pct,        0.306

CORE_CUM_STREAM_LENGTH_40_count,           264
CORE_CUM_STREAM_LENGTH_40_pct,        0.320
CORE_CUM_STREAM_LENGTH_40_total_count,           664
CORE_CUM_STREAM_LENGTH_40_total_pct,        0.479

CORE_CUM_STREAM_LENGTH_50_count,           155
CORE_CUM_STREAM_LENGTH_50_pct,        0.188
CORE_CUM_STREAM_LENGTH_50_total_count,           375
CORE_CUM_STREAM_LENGTH_50_total_pct,        0.271

CORE_CUM_STREAM_LENGTH_60_count,           120
CORE_CUM_STREAM_LENGTH_60_pct,        0.145
CORE_CUM_STREAM_LENGTH_60_total_count,           311
CORE_CUM_STREAM_LENGTH_60_total_pct,        0.224

CORE_CUM_STREAM_LENGTH_70_count,             0
CORE_CUM_STREAM_LENGTH_70_pct,        0.000
CORE_CUM_STREAM_LENGTH_70_total_count,             0
CORE_CUM_STREAM_LENGTH_70_total_pct,        0.000

CORE_CUM_STREAM_LENGTH_80_count,             0
CORE_CUM_STREAM_LENGTH_80_pct,        0.000
CORE_CUM_STREAM_LENGTH_80_total_count,             0
CORE_CUM_STREAM_LENGTH_80_total_pct,        0.000

CORE_CUM_STREAM_LENGTH_90_count,             0
CORE_CUM_STREAM_LENGTH_90_pct,        0.000
CORE_CUM_STREAM_LENGTH_90_total_count,             0
CORE_CUM_STREAM_LENGTH_90_total_pct,        0.000

CORE_CUM_STREAM_LENGTH_100_P_count,         80625
CORE_CUM_STREAM_LENGTH_100_P_pct,       97.621
CORE_CUM_STREAM_LENGTH_100_P_total_count,        133271
CORE_CUM_STREAM_LENGTH_100_P_total_pct,       96.191
CORE_CUM_STREAM_LENGTH_100_P_sum_count,         82590
CORE_CUM_STREAM_LENGTH_100_P_sum_pct,      100.000
CORE_CUM_STREAM_LENGTH_100_P_sum_total_count,        138548
CORE_CUM_STREAM_LENGTH_100_P_sum_total_pct,      100.000
CORE_CUM_STREAM_LENGTH_100_P_mean,         9.82
CORE_CUM_STREAM_LENGTH_100_P_stddev,         9.76
CORE_CUM_STREAM_LENGTH_100_P_total_mean,         9.70
CORE_CUM_STREAM_LENGTH_100_P_total_stddev,         9.61

CORE_STREAM_TRAIN_HITS_0_count,            76
CORE_STREAM_TRAIN_HITS_0_pct,       52.778
CORE_STREAM_TRAIN_HITS_0_total_count,           239
CORE_STREAM_TRAIN_HITS_0_total_pct,       62.730

CORE_STREAM_TRAIN_HITS_10_count,            18
CORE_STREAM_TRAIN_HITS_10_pct,       12.500
CORE_STREAM_TRAIN_HITS_10_total_count,            42
CORE_STREAM_TRAIN_HITS_10_total_pct,       11.024

CORE_STREAM_TRAIN_HITS_20_count,            10
CORE_STREAM_TRAIN_HITS_20_pct,        6.944
CORE_STREAM_TRAIN_HITS_20_total_count,            20
CORE_STREAM_TRAIN_HITS_20_total_pct,        5.249

CORE_STREAM_TRAIN_HITS_30_count,             3
CORE_STREAM_TRAIN_HITS_30_pct,        2.083
CORE_STREAM_TRAIN_HITS_30_total_count,            10
CORE_STREAM_TRAIN_HITS_30_total_pct,        2.625

CORE_STREAM_TRAIN_HITS_40_count,             0
CORE_STREAM_TRAIN_HITS_40_pct,        0.000
CORE_STREAM_TRAIN_HITS_40_total_count,             1
CORE_STREAM_TRAIN_HITS_40_total_pct,        0.262

CORE_STREAM_TRAIN_HITS_50_count,             0
CORE_STREAM_TRAIN_HITS_50_pct,        0.000
CORE_STREAM_TRAIN_HITS_50_total_count,             0
CORE_STREAM_TRAIN_HITS_50_total_pct,        0.000

CORE_STREAM_TRAIN_HITS_60_count,             0
CORE_STREAM_TRAIN_HITS_60_pct,        0.000
CORE_STREAM_TRAIN_HITS_60_total_count,             0
CORE_STREAM_TRAIN_HITS_60_total_pct,        0.000

CORE_STREAM_TRAIN_HITS_70_count,             0
CORE_STREAM_TRAIN_HITS_70_pct,        0.000
CORE_STREAM_TRAIN_HITS_70_total_count,             0
CORE_STREAM_TRAIN_HITS_70_total_pct,        0.000

CORE_STREAM_TRAIN_HITS_80_count,             0
CORE_STREAM_TRAIN_HITS_80_pct,        0.000
CORE_STREAM_TRAIN_HITS_80_total_count,             0
CORE_STREAM_TRAIN_HITS_80_total_pct,        0.000

CORE_STREAM_TRAIN_HITS_90_count,             0
CORE_STREAM_TRAIN_HITS_90_pct,        0.000
CORE_STREAM_TRAIN_HITS_90_total_count,             0
CORE_STREAM_TRAIN_HITS_90_total_pct,        0.000

CORE_STREAM_TRAIN_HITS_100_P_count,            37
CORE_STREAM_TRAIN_HITS_100_P_pct,       25.694
CORE_STREAM_TRAIN_HITS_100_P_total_count,            69
CORE_STREAM_TRAIN_HITS_100_P_total_pct,       18.110
CORE_STREAM_TRAIN_HITS_100_P_sum_count,           144
CORE_STREAM_TRAIN_HITS_100_P_sum_pct,      100.000
CORE_STREAM_TRAIN_HITS_100_P_sum_total_count,           381
CORE_STREAM_TRAIN_HITS_100_P_sum_total_pct,      100.000
CORE_STREAM_TRAIN_HITS_100_P_mean,         2.90
CORE_STREAM_TRAIN_HITS_100_P_stddev,         3.97
CORE_STREAM_TRAIN_HITS_100_P_total_mean,         2.12
CORE_STREAM_TRAIN_HITS_100_P_total_stddev,         3.50

CORE_CUM_STREAM_TRAIN_HITS_0_count,           487
CORE_CUM_STREAM_TRAIN_HITS_0_pct,        0.605
CORE_CUM_STREAM_TRAIN_HITS_0_total_count,          1531
CORE_CUM_STREAM_TRAIN_HITS_0_total_pct,        1.145

CORE_CUM_STREAM_TRAIN_HITS_10_count,           208
CORE_CUM_STREAM_TRAIN_HITS_10_pct,        0.259
CORE_CUM_STREAM_TRAIN_HITS_10_total_count,           494
CORE_CUM_STREAM_TRAIN_HITS_10_total_pct,        0.369

CORE_CUM_STREAM_TRAIN_HITS_20_count,           245
CORE_CUM_STREAM_TRAIN_HITS_20_pct,        0.305
CORE_CUM_STREAM_TRAIN_HITS_20_total_count,           482
CORE_CUM_STREAM_TRAIN_HITS_20_total_pct,        0.360

CORE_CUM_STREAM_TRAIN_HITS_30_count,            92
CORE_CUM_STREAM_TRAIN_HITS_30_pct,        0.114
CORE_CUM_STREAM_TRAIN_HITS_30_total_count,           332
CORE_CUM_STREAM_TRAIN_HITS_30_total_pct,        0.248

CORE_CUM_STREAM_TRAIN_HITS_40_count,             0
CORE_CUM_STREAM_TRAIN_HITS_40_pct,        0.000
CORE_CUM_STREAM_TRAIN_HITS_40_total_count,            43
CORE_CUM_STREAM_TRAIN_HITS_40_total_pct,        0.032

CORE_CUM_STREAM_TRAIN_HITS_50_count,             0
CORE_CUM_STREAM_TRAIN_HITS_50_pct,        0.000
CORE_CUM_STREAM_TRAIN_HITS_50_total_count,             0
CORE_CUM_STREAM_TRAIN_HITS_50_total_pct,        0.000

CORE_CUM_STREAM_TRAIN_HITS_60_count,             0
CORE_CUM_STREAM_TRAIN_HITS_60_pct,        0.000
CORE_CUM_STREAM_TRAIN_HITS_60_total_count,             0
CORE_CUM_STREAM_TRAIN_HITS_60_total_pct,        0.000

CORE_CUM_STREAM_TRAIN_HITS_70_count,             0
CORE_CUM_STREAM_TRAIN_HITS_70_pct,        0.000
CORE_CUM_STREAM_TRAIN_HITS_70_total_count,             0
CORE_CUM_STREAM_TRAIN_HITS_70_total_pct,        0.000

CORE_CUM_STREAM_TRAIN_HITS_80_count,             0
CORE_CUM_STREAM_TRAIN_HITS_80_pct,        0.000
CORE_CUM_STREAM_TRAIN_HITS_80_total_count,             0
CORE_CUM_STREAM_TRAIN_HITS_80_total_pct,        0.000

CORE_CUM_STREAM_TRAIN_HITS_90_count,             0
CORE_CUM_STREAM_TRAIN_HITS_90_pct,        0.000
CORE_CUM_STREAM_TRAIN_HITS_90_total_count,             0
CORE_CUM_STREAM_TRAIN_HITS_90_total_pct,        0.000

CORE_CUM_STREAM_TRAIN_HITS_100_P_count,         79398
CORE_CUM_STREAM_TRAIN_HITS_100_P_pct,       98.717
CORE_CUM_STREAM_TRAIN_HITS_100_P_total_count,        130863
CORE_CUM_STREAM_TRAIN_HITS_100_P_total_pct,       97.845
CORE_CUM_STREAM_TRAIN_HITS_100_P_sum_count,         80430
CORE_CUM_STREAM_TRAIN_HITS_100_P_sum_pct,      100.000
CORE_CUM_STREAM_TRAIN_HITS_100_P_sum_total_count,        133745
CORE_CUM_STREAM_TRAIN_HITS_100_P_sum_total_pct,      100.000
CORE_CUM_STREAM_TRAIN_HITS_100_P_mean,         9.88
CORE_CUM_STREAM_TRAIN_HITS_100_P_stddev,         9.84
CORE_CUM_STREAM_TRAIN_HITS_100_P_total_mean,         9.80
CORE_CUM_STREAM_TRAIN_HITS_100_P_total_stddev,         9.73

CORE_STREAM_TRAIN_CREATE_count,           766
CORE_STREAM_TRAIN_CREATE_total_count,          2201



